{
  "acc@0.5": 0.7282051282051282,
  "f1@0.5": 0.11428571428571428,
  "roc_auc": 0.5950793650793652,
  "pr_auc": 0.5347619047619048,
  "f1@thr*": 0.5854858866623572
}