{
  "acc@0.5": 0.5822222222222222,
  "f1@0.5": 0.14666666666666667,
  "roc_auc": 0.4478095238095238,
  "pr_auc": 0.5464716553287982,
  "f1@thr*": 0.6421794871794871
}