{
  "acc@0.5": 0.5560439560439561,
  "f1@0.5": 0.0,
  "roc_auc": 0.5330952380952381,
  "pr_auc": 0.477755994005994,
  "f1@thr*": 0.6161344537815127
}